{"accuracy": 0.609251968503937, "f1_score": 0.5820944388323361}