{"accuracy": 0.2818627450980392, "f1_score": 0.2791562901368195}